Model,Accuracy,F1 (Macro),F1 (Weighted),Precision (Macro),Recall (Macro)
PhoBERT,0.9862637362637363,0.9860362279623877,0.9862385544535774,0.9863810465396087,0.9858667329716156
SVM,0.978021978021978,0.9777009204145662,0.9780007961268856,0.9781748550547205,0.9774471365785454
Logistic Regression,0.9725274725274725,0.9722625100716423,0.9725888208632529,0.973243373835834,0.971815721625342
LSTM,0.9706959706959707,0.9701467622345555,0.9705736562335561,0.9709680146742605,0.9697865396826248
Random Forest,0.9606227106227107,0.9598290124665234,0.9605667293699425,0.962146627358991,0.9589933583363708
