Model,Accuracy,F1 (Macro),F1 (Weighted),Precision (Macro),Recall (Macro)
PhoBERT,0.9807692307692307,0.9805180691031649,0.98075321680238,0.9808007153541359,0.9803777681608623
LSTM,0.9789377289377289,0.9785574467873673,0.978912676854763,0.9794089119860914,0.9782220296649177
SVM,0.978021978021978,0.9777009204145662,0.9780007961268856,0.9781748550547205,0.9774471365785454
Logistic Regression,0.9725274725274725,0.9722625100716423,0.9725888208632529,0.973243373835834,0.971815721625342
Random Forest,0.9615384615384616,0.960905386230031,0.9615164571445831,0.9623381696285658,0.9603466346896471
