Model,Accuracy,F1 (Macro),F1 (Weighted),Precision (Macro),Recall (Macro)
SVM,0.9625468164794008,0.9625698415133579,0.962537763113695,0.9638888888888889,0.9626184323858743
Logistic Regression,0.9550561797752809,0.95509982941664,0.9551146270205151,0.9568336288416077,0.9550387596899225
Random Forest,0.951310861423221,0.9517572567377477,0.9513473911492095,0.9538840266025592,0.9516795865633076
